{
  "accuracy": 0.851,
  "precision": 0.6810551558752997,
  "recall": 0.9466666666666667,
  "f1": 0.7921896792189679,
  "confusion_matrix": [
    [
      567,
      133
    ],
    [
      16,
      284
    ]
  ],
  "roc_auc": 0.9593,
  "pr_auc": 0.9256119578107398,
  "threshold_used": 0.31,
  "threshold_search": {
    "threshold": 0.31,
    "objective": "min_cost",
    "value": 213.0
  }
}