{
  "accuracy": 0.765,
  "roc_auc": 0.7973809523809524,
  "pr_auc": 0.6495889778811471,
  "confusion_matrix": [
    [
      131,
      9
    ],
    [
      38,
      22
    ]
  ],
  "n_train": 800,
  "n_test": 200,
  "pos_rate_train": 0.3,
  "pos_rate_test": 0.3,
  "proba_summary": {
    "min": 0.020180835898017842,
    "mean": 0.31894056153365535,
    "max": 0.6539246866850954
  }
}