{
  "accuracy": 0.765,
  "roc_auc": 0.7973809523809524,
  "pr_auc": 0.902485589951576,
  "confusion_matrix": [
    [
      22,
      38
    ],
    [
      9,
      131
    ]
  ],
  "n_train": 800,
  "n_test": 200,
  "pos_rate_train": 0.7,
  "pos_rate_test": 0.7,
  "proba_summary": {
    "min": 0.3460753133149045,
    "mean": 0.6810594384663446,
    "max": 0.979819164101982
  }
}