{
  "accuracy": 0.785,
  "roc_auc": 0.7853571428571429,
  "pr_auc": 0.6475177572794982,
  "confusion_matrix": [
    [
      134,
      6
    ],
    [
      37,
      23
    ]
  ],
  "n_train": 800,
  "n_test": 200,
  "pos_rate_train": 0.3,
  "pos_rate_test": 0.3,
  "proba_summary": {
    "min": 0.02913089093695717,
    "mean": 0.3190709243919522,
    "max": 0.6262496728267628
  }
}